<?xml version="1.0" encoding="UTF-8"?>
<EntityDescriptor xmlns="urn:oasis:names:tc:SAML:2.0:metadata" ID="${metadataID}" entityID="${entityID}">
   <ds:Signature xmlns:ds="http://www.w3.org/2000/09/xmldsig#">
      <ds:SignedInfo>
         <ds:CanonicalizationMethod Algorithm="http://www.w3.org/2001/10/xml-exc-c14n#" />
         <ds:SignatureMethod Algorithm="http://www.w3.org/2001/04/xmldsig-more#rsa-sha256" />
         <ds:Reference URI="${referenceUri}">
            <ds:Transforms>
               <ds:Transform Algorithm="http://www.w3.org/2000/09/xmldsig#enveloped-signature" />
               <ds:Transform Algorithm="http://www.w3.org/2001/10/xml-exc-c14n#" />
            </ds:Transforms>
            <ds:DigestMethod Algorithm="http://www.w3.org/2001/04/xmlenc#sha256" />
            <ds:DigestValue>${digestValue}</ds:DigestValue>
         </ds:Reference>
      </ds:SignedInfo>
      <ds:SignatureValue>${signatureValue}</ds:SignatureValue>
      <KeyInfo xmlns="http://www.w3.org/2000/09/xmldsig#">
         <X509Data>
            <X509Certificate>${certificateValue}</X509Certificate>
         </X509Data>
      </KeyInfo>
   </ds:Signature>
   ${descriptorData}
  <Organization>
    <OrganizationName xml:lang="en-US">${organizationName}</OrganizationName>
    <OrganizationDisplayName xml:lang="en-US">${organizationDisplayName}</OrganizationDisplayName>
    <OrganizationURL xml:lang="en-US">${organizationUrl}</OrganizationURL>
  </Organization>
  ${contactPersonData}
</EntityDescriptor>