<IDPSSODescriptor protocolSupportEnumeration="urn:oasis:names:tc:SAML:2.0:protocol">
   <KeyDescriptor use="encryption">
      <KeyInfo xmlns="http://www.w3.org/2000/09/xmldsig#">
         <X509Data>
            <X509Certificate>${encryptionCertificate}</X509Certificate>
         </X509Data>
      </KeyInfo>
   </KeyDescriptor>
   <KeyDescriptor use="signing">
      <KeyInfo xmlns="http://www.w3.org/2000/09/xmldsig#">
         <X509Data>
            <X509Certificate>${signingCertificate}</X509Certificate>
         </X509Data>
      </KeyInfo>
   </KeyDescriptor>
   <SingleLogoutService Binding="urn:oasis:names:tc:SAML:2.0:bindings:HTTP-Redirect" Location="${redirectLogoutUrl}" />
   <SingleLogoutService Binding="urn:oasis:names:tc:SAML:2.0:bindings:HTTP-POST" Location="${postLogoutUrl}" />
   <NameIDFormat>urn:oasis:names:tc:SAML:1.1:nameid-format:emailAddress</NameIDFormat>
   <NameIDFormat>urn:oasis:names:tc:SAML:2.0:nameid-format:persistent</NameIDFormat>
   <NameIDFormat>urn:oasis:names:tc:SAML:2.0:nameid-format:transient</NameIDFormat>
   <SingleSignOnService Binding="urn:oasis:names:tc:SAML:2.0:bindings:HTTP-Redirect" Location="${redirectAcsUrl}" />
   <SingleSignOnService Binding="urn:oasis:names:tc:SAML:2.0:bindings:HTTP-POST" Location="${postAcsUrl}" />
   ${IdpAttributeData}
</IDPSSODescriptor>