<RoleDescriptor xmlns:fed="http://docs.oasis-open.org/wsfed/federation/200706" xmlns:xsi="http://www.w3.org/2001/XMLSchema-instance" xsi:type="fed:ApplicationServiceType" protocolSupportEnumeration="http://docs.oasis-open.org/ws-sx/ws-trust/200512 http://schemas.xmlsoap.org/ws/2005/02/trust http://docs.oasis-open.org/wsfed/federation/200706" ServiceDisplayName="${serviceDisplayName}">
   <KeyDescriptor use="encryption">
      <KeyInfo xmlns="http://www.w3.org/2000/09/xmldsig#">
         <X509Data>
            <X509Certificate>${encryptionCertificate}</X509Certificate>
         </X509Data>
      </KeyInfo>
   </KeyDescriptor>
   <fed:ClaimTypesRequested>
      <auth:ClaimType xmlns:auth="http://docs.oasis-open.org/wsfed/authorization/200706" Uri="${claimUri}" Optional="true">
         <auth:DisplayName>${claimDisplayName}</auth:DisplayName>
         <auth:Description>${claimDescription}</auth:Description>
      </auth:ClaimType>
   </fed:ClaimTypesRequested>
   <fed:TargetScopes>
      <EndpointReference xmlns="http://www.w3.org/2005/08/addressing">
         <Address>${targetScopeEndpointRefAddress}</Address>
      </EndpointReference>
   </fed:TargetScopes>
   <fed:ApplicationServiceEndpoint>
      <EndpointReference xmlns="http://www.w3.org/2005/08/addressing">
         <Address>${applicationServiceEndpointRefAddress</Address>
      </EndpointReference>
   </fed:ApplicationServiceEndpoint>
   <fed:PassiveRequestorEndpoint>
      <EndpointReference xmlns="http://www.w3.org/2005/08/addressing">
         <Address>${passiveRequestorEndpointRefAddress}<0/Address>
      </EndpointReference>
   </fed:PassiveRequestorEndpoint>
</RoleDescriptor>