<RoleDescriptor xmlns:fed="http://docs.oasis-open.org/wsfed/federation/200706" xmlns:xsi="http://www.w3.org/2001/XMLSchema-instance" xsi:type="fed:SecurityTokenServiceType" protocolSupportEnumeration="http://docs.oasis-open.org/ws-sx/ws-trust/200512 http://schemas.xmlsoap.org/ws/2005/02/trust http://docs.oasis-open.org/wsfed/federation/200706" ServiceDisplayName="${serviceDisplayName}">
   <KeyDescriptor use="signing">
      <KeyInfo xmlns="http://www.w3.org/2000/09/xmldsig#">
         <X509Data>
            <X509Certificate>${encryptionCertificate}</X509Certificate>
         </X509Data>
      </KeyInfo>
   </KeyDescriptor>
   <fed:TokenTypesOffered>
      <fed:TokenType Uri="urn:oasis:names:tc:SAML:2.0:assertion" />
      <fed:TokenType Uri="urn:oasis:names:tc:SAML:1.0:assertion" />
   </fed:TokenTypesOffered>
   <fed:ClaimTypesOffered>
      <auth:ClaimType xmlns:auth="http://docs.oasis-open.org/wsfed/authorization/200706" Uri="http://schemas.xmlsoap.org/ws/2005/05/identity/claims/emailaddress" Optional="true">
         <auth:DisplayName>${claimDisplayName}</auth:DisplayName>
         <auth:Description>${claimDescription}</auth:Description>
      </auth:ClaimType>
   </fed:ClaimTypesOffered>
   <fed:SecurityTokenServiceEndpoint>
      <EndpointReference xmlns="http://www.w3.org/2005/08/addressing">
         <Address>${serviceTokenServiceEndpointRefAddress}</Address>
         <Metadata>
            <Metadata xmlns="http://schemas.xmlsoap.org/ws/2004/09/mex" xmlns:wsx="http://schemas.xmlsoap.org/ws/2004/09/mex" xmlns:xsd="http://www.w3.org/2001/XMLSchema">
               <wsx:MetadataSection xmlns="" Dialect="http://schemas.xmlsoap.org/ws/2004/09/mex">
                  <wsx:MetadataReference>
                     <Address xmlns="http://www.w3.org/2005/08/addressing">${metadataAddress}</Address>
                  </wsx:MetadataReference>
               </wsx:MetadataSection>
            </Metadata>
         </Metadata>
      </EndpointReference>
   </fed:SecurityTokenServiceEndpoint>
   <fed:PassiveRequestorEndpoint>
      <EndpointReference xmlns="http://www.w3.org/2005/08/addressing">
         <Address>${passiveRequestorEndpointRefAddress}</Address>
      </EndpointReference>
   </fed:PassiveRequestorEndpoint>
</RoleDescriptor>