        <Object Class="CA.SM::UserDirectory" Xid="CA.SM::UserDirectory@0e-000bbc46-561a-16b2-ab05-8312bb15304d" CreatedDateTime="2017-07-08T04:18:19" ModifiedDateTime="2017-07-08T04:20:55" UpdatedBy="XPSDictionary::Import" UpdateMethod="Internal" ExportType="Replace">
            <Property Name="CA.SM::UserDirectory.PasswordAttribute">
                <StringValue>userpassword</StringValue>
            </Property>
            <Property Name="CA.SM::UserDirectory.SearchScope">
                <NumberValue>2</NumberValue>
            </Property>
            <Property Name="CA.SM::UserDirectory.EnableSecurityContext">
                <BooleanValue>false</BooleanValue>
            </Property>
            <Property Name="CA.SM::UserDirectory.SearchRoot">
                <LinkValue><XREF>Ref00632</XREF></LinkValue>
            </Property>
            <Property Name="CA.SM::UserDirectory.Name">
                <StringValue>Canada User Directory</StringValue>
            </Property>
            <Property Name="CA.SM::UserDirectory.RequireCredentials">
                <BooleanValue>true</BooleanValue>
            </Property>
            <Property Name="CA.SM::UserDirectory.Password" Sensitive="Yes">
                <StringValue>wf#$@f~3rbf2(%</StringValue>
            </Property>
            <Property Name="CA.SM::UserDirectory.UniversalIDAttribute">
                <StringValue>samaccountname</StringValue>
            </Property>
            <Property Name="CA.SM::UserDirectory.SecureConnection">
                <BooleanValue>true</BooleanValue>
            </Property>
            <Property Name="CA.SM::UserDirectory.UserLookupEnd">
                <StringValue>)</StringValue>
            </Property>
            <Property Name="CA.SM::UserDirectory.Desc">
                <StringValue>Canada User Directory</StringValue>
            </Property>
            <Property Name="CA.SM::UserDirectory.Server">
                <LinkValue><XREF>Ref00053</XREF></LinkValue>
            </Property>
            <Property Name="CA.SM::UserDirectory.UserLookupStart">
                <StringValue>(samaccountname=</StringValue>
            </Property>
            <Property Name="CA.SM::UserDirectory.SearchTimeout">
                <NumberValue>30</NumberValue>
            </Property>
            <Property Name="CA.SM::UserDirectory.SearchResults">
                <NumberValue>1000</NumberValue>
            </Property>
            <Property Name="CA.SM::UserDirectory.Username">
                <LinkValue><XREF>Ref00321</XREF></LinkValue>
            </Property>
            <Property Name="CA.SM::UserDirectory.Namespace">
                <StringValue>LDAP:</StringValue>
            </Property>
        </Object><!-- Xid="CA.SM::UserDirectory@0e-000bbc46-561a-16b2-ab05-8312bb15304d" -->
        <Object Class="CA.SM::UserDirectory" Xid="CA.SM::UserDirectory@0e-6c89afa4-31b0-4caa-9d9b-75e47061f187" CreatedDateTime="2017-07-08T02:25:41" ModifiedDateTime="2017-07-08T03:28:25" UpdatedBy="XPSDictionary::Import" UpdateMethod="Internal" ExportType="Replace">
            <Property Name="CA.SM::UserDirectory.SearchScope">
                <NumberValue>2</NumberValue>
            </Property>
            <Property Name="CA.SM::UserDirectory.EnableSecurityContext">
                <BooleanValue>false</BooleanValue>
            </Property>
            <Property Name="CA.SM::UserDirectory.Name">
                <StringValue>FedBCCertUserDirectory</StringValue>
            </Property>
            <Property Name="CA.SM::UserDirectory.RequireCredentials">
                <BooleanValue>false</BooleanValue>
            </Property>
            <Property Name="CA.SM::UserDirectory.SecureConnection">
                <BooleanValue>false</BooleanValue>
            </Property>
            <Property Name="CA.SM::UserDirectory.Server">
                <LinkValue><XREF>Ref00147</XREF></LinkValue>
            </Property>
            <Property Name="CA.SM::UserDirectory.SearchTimeout">
                <NumberValue>0</NumberValue>
            </Property>
            <Property Name="CA.SM::UserDirectory.SearchResults">
                <NumberValue>0</NumberValue>
            </Property>
            <Property Name="CA.SM::UserDirectory.Namespace">
                <StringValue>Custom:</StringValue>
            </Property>
            <Property Name="CA.XPS::MetaAttributes.HidingMask">
                <NumberValue>1</NumberValue>
            </Property>
        </Object><!-- Xid="CA.SM::UserDirectory@0e-6c89afa4-31b0-4caa-9d9b-75e47061f187" -->
        <Object Class="CA.SM::UserDirectory" Xid="CA.SM::UserDirectory@0e-f741be64-b38b-4d98-a431-b96548214981" CreatedDateTime="2017-07-08T02:25:41" ModifiedDateTime="2017-07-08T03:28:25" UpdatedBy="XPSDictionary::Import" UpdateMethod="Internal" ExportType="Replace">
            <Property Name="CA.SM::UserDirectory.SearchScope">
                <NumberValue>2</NumberValue>
            </Property>
            <Property Name="CA.SM::UserDirectory.EnableSecurityContext">
                <BooleanValue>false</BooleanValue>
            </Property>
            <Property Name="CA.SM::UserDirectory.SearchRoot">
                <LinkValue><XREF>Ref00314</XREF></LinkValue>
            </Property>
            <Property Name="CA.SM::UserDirectory.Name">
                <StringValue>FedBCCustomUserStore</StringValue>
            </Property>
            <Property Name="CA.SM::UserDirectory.RequireCredentials">
                <BooleanValue>false</BooleanValue>
            </Property>
            <Property Name="CA.SM::UserDirectory.SecureConnection">
                <BooleanValue>false</BooleanValue>
            </Property>
            <Property Name="CA.SM::UserDirectory.Desc">
                <StringValue>Custom user store for Federation BackChannel communications</StringValue>
            </Property>
            <Property Name="CA.SM::UserDirectory.Server">
                <LinkValue><XREF>Ref00558</XREF></LinkValue>
            </Property>
            <Property Name="CA.SM::UserDirectory.SearchTimeout">
                <NumberValue>0</NumberValue>
            </Property>
            <Property Name="CA.SM::UserDirectory.SearchResults">
                <NumberValue>0</NumberValue>
            </Property>
            <Property Name="CA.SM::UserDirectory.Namespace">
                <StringValue>Custom:</StringValue>
            </Property>
            <Property Name="CA.XPS::MetaAttributes.HidingMask">
                <NumberValue>1</NumberValue>
            </Property>
        </Object><!-- Xid="CA.SM::UserDirectory@0e-f741be64-b38b-4d98-a431-b96548214981" -->
        <Object Class="CA.SM::UserDirectory" Xid="CA.SM::UserDirectory@0e-08c6cadb-e30b-4e06-9e2e-b3d7a866fab8" CreatedDateTime="2017-07-08T02:25:41" ModifiedDateTime="2017-07-08T03:28:25" UpdatedBy="XPSDictionary::Import" UpdateMethod="Internal" ExportType="Replace">
            <Property Name="CA.SM::UserDirectory.SearchScope">
                <NumberValue>2</NumberValue>
            </Property>
            <Property Name="CA.SM::UserDirectory.EnableSecurityContext">
                <BooleanValue>false</BooleanValue>
            </Property>
            <Property Name="CA.SM::UserDirectory.Name">
                <StringValue>FederationWSCustomUserStore</StringValue>
            </Property>
            <Property Name="CA.SM::UserDirectory.RequireCredentials">
                <BooleanValue>false</BooleanValue>
            </Property>
            <Property Name="CA.SM::UserDirectory.SecureConnection">
                <BooleanValue>false</BooleanValue>
            </Property>
            <Property Name="CA.SM::UserDirectory.Desc">
                <StringValue>list of all the affiliates exposed as an user store</StringValue>
            </Property>
            <Property Name="CA.SM::UserDirectory.Server">
                <LinkValue><XREF>Ref00690</XREF></LinkValue>
            </Property>
            <Property Name="CA.SM::UserDirectory.SearchTimeout">
                <NumberValue>0</NumberValue>
            </Property>
            <Property Name="CA.SM::UserDirectory.SearchResults">
                <NumberValue>0</NumberValue>
            </Property>
            <Property Name="CA.SM::UserDirectory.Namespace">
                <StringValue>Custom:</StringValue>
            </Property>
        </Object><!-- Xid="CA.SM::UserDirectory@0e-08c6cadb-e30b-4e06-9e2e-b3d7a866fab8" -->
        <Object Class="CA.SM::UserDirectory" Xid="CA.SM::UserDirectory@0e-000120af-b744-1fce-afbc-8312bb150000" CreatedDateTime="2017-07-08T04:18:19" ModifiedDateTime="2017-07-08T04:20:29" UpdatedBy="XPSDictionary::Import" UpdateMethod="Internal" ExportType="Replace">
            <Property Name="CA.SM::UserDirectory.UseAdvancedAuthStore">
                <BooleanValue>false</BooleanValue>
            </Property>
            <Property Name="CA.SM::UserDirectory.PasswordAttribute">
                <StringValue>userPassword</StringValue>
            </Property>
            <Property Name="CA.SM::UserDirectory.SearchScope">
                <NumberValue>2</NumberValue>
            </Property>
            <Property Name="CA.SM::UserDirectory.EnableSecurityContext">
                <BooleanValue>false</BooleanValue>
            </Property>
            <Property Name="CA.SM::UserDirectory.SearchRoot">
                <LinkValue><XREF>Ref00312</XREF></LinkValue>
            </Property>
            <Property Name="CA.SM::UserDirectory.Name">
                <StringValue>PwC Enterprise Directory - WL 7.0</StringValue>
            </Property>
            <Property Name="CA.SM::UserDirectory.RequireCredentials">
                <BooleanValue>true</BooleanValue>
            </Property>
            <Property Name="CA.SM::UserDirectory.Password" Sensitive="Yes">
                <StringValue>siteminderpassword</StringValue>
            </Property>
            <Property Name="CA.SM::UserDirectory.UniversalIDAttribute">
                <StringValue>cn</StringValue>
            </Property>
            <Property Name="CA.SM::UserDirectory.SecureConnection">
                <BooleanValue>true</BooleanValue>
            </Property>
            <Property Name="CA.SM::UserDirectory.UserLookupEnd">
                <StringValue>)(objectclass=*))</StringValue>
            </Property>
            <Property Name="CA.SM::UserDirectory.DisabledAttribute">
                <StringValue>smsp5userdisabled</StringValue>
            </Property>
            <Property Name="CA.SM::UserDirectory.BlobAttribute">
                <StringValue>smsp5userpassworddata</StringValue>
            </Property>
            <Property Name="CA.SM::UserDirectory.Desc">
                <StringValue>Use to authenticate system account for WL 7.0</StringValue>
            </Property>
            <Property Name="CA.SM::UserDirectory.Server">
                <LinkValue><XREF>Ref00352</XREF></LinkValue>
            </Property>
            <Property Name="CA.SM::UserDirectory.UserLookupStart">
                <StringValue>(&amp;(cn=</StringValue>
            </Property>
            <Property Name="CA.SM::UserDirectory.SearchTimeout">
                <NumberValue>30</NumberValue>
            </Property>
            <Property Name="CA.SM::UserDirectory.SearchResults">
                <NumberValue>0</NumberValue>
            </Property>
            <Property Name="CA.SM::UserDirectory.Username">
                <LinkValue><XREF>Ref00198</XREF></LinkValue>
            </Property>
            <Property Name="CA.SM::UserDirectory.Namespace">
                <StringValue>LDAP:</StringValue>
            </Property>
        </Object><!-- Xid="CA.SM::UserDirectory@0e-000120af-b744-1fce-afbc-8312bb150000" -->
        <Object Class="CA.SM::UserDirectory" Xid="CA.SM::UserDirectory@0e-83698295-de7a-4588-9904-dee0dd5bd073" CreatedDateTime="2017-07-08T04:18:19" ModifiedDateTime="2017-07-08T04:20:55" UpdatedBy="XPSDictionary::Import" UpdateMethod="Internal" ExportType="Replace">
            <Property Name="CA.SM::UserDirectory.PasswordAttribute">
                <StringValue>userPassword</StringValue>
            </Property>
            <Property Name="CA.SM::UserDirectory.SearchScope">
                <NumberValue>2</NumberValue>
            </Property>
            <Property Name="CA.SM::UserDirectory.EnableSecurityContext">
                <BooleanValue>false</BooleanValue>
            </Property>
            <Property Name="CA.SM::UserDirectory.SearchRoot">
                <LinkValue><XREF>Ref00312</XREF></LinkValue>
            </Property>
            <Property Name="CA.SM::UserDirectory.Name">
                <StringValue>PwC Enterprise Directory-WL 7.0</StringValue>
            </Property>
            <Property Name="CA.SM::UserDirectory.RequireCredentials">
                <BooleanValue>true</BooleanValue>
            </Property>
            <Property Name="CA.SM::UserDirectory.Password" Sensitive="Yes">
                <StringValue>siteminderpassword</StringValue>
            </Property>
            <Property Name="CA.SM::UserDirectory.UniversalIDAttribute">
                <StringValue>cn</StringValue>
            </Property>
            <Property Name="CA.SM::UserDirectory.SecureConnection">
                <BooleanValue>true</BooleanValue>
            </Property>
            <Property Name="CA.SM::UserDirectory.UserLookupEnd">
                <StringValue>)(objectclass=*))</StringValue>
            </Property>
            <Property Name="CA.SM::UserDirectory.DisabledAttribute">
                <StringValue>smsp5userdisabled</StringValue>
            </Property>
            <Property Name="CA.SM::UserDirectory.BlobAttribute">
                <StringValue>smsp5userpassworddata</StringValue>
            </Property>
            <Property Name="CA.SM::UserDirectory.Desc">
                <StringValue>Use to authenticate system account for WL 7.0</StringValue>
            </Property>
            <Property Name="CA.SM::UserDirectory.Server">
                <LinkValue><XREF>Ref00242</XREF></LinkValue>
            </Property>
            <Property Name="CA.SM::UserDirectory.UserLookupStart">
                <StringValue>(&amp;(cn=</StringValue>
            </Property>
            <Property Name="CA.SM::UserDirectory.SearchTimeout">
                <NumberValue>30</NumberValue>
            </Property>
            <Property Name="CA.SM::UserDirectory.SearchResults">
                <NumberValue>0</NumberValue>
            </Property>
            <Property Name="CA.SM::UserDirectory.Username">
                <LinkValue><XREF>Ref00198</XREF></LinkValue>
            </Property>
            <Property Name="CA.SM::UserDirectory.Namespace">
                <StringValue>LDAP:</StringValue>
            </Property>
        </Object><!-- Xid="CA.SM::UserDirectory@0e-83698295-de7a-4588-9904-dee0dd5bd073" -->
        <Object Class="CA.SM::UserDirectory" Xid="CA.SM::UserDirectory@0e-3b0f4ccf-71f3-4968-b095-2b5a830c3244" CreatedDateTime="2017-07-08T02:25:41" ModifiedDateTime="2017-07-08T03:28:25" UpdatedBy="XPSDictionary::Import" UpdateMethod="Internal" ExportType="Replace">
            <Property Name="CA.SM::UserDirectory.SearchScope">
                <NumberValue>2</NumberValue>
            </Property>
            <Property Name="CA.SM::UserDirectory.EnableSecurityContext">
                <BooleanValue>false</BooleanValue>
            </Property>
            <Property Name="CA.SM::UserDirectory.SearchRoot">
                <LinkValue><XREF>Ref00314</XREF></LinkValue>
            </Property>
            <Property Name="CA.SM::UserDirectory.Name">
                <StringValue>SAML2FederationCustomUserStore</StringValue>
            </Property>
            <Property Name="CA.SM::UserDirectory.RequireCredentials">
                <BooleanValue>false</BooleanValue>
            </Property>
            <Property Name="CA.SM::UserDirectory.SecureConnection">
                <BooleanValue>false</BooleanValue>
            </Property>
            <Property Name="CA.SM::UserDirectory.Desc">
                <StringValue>list of all the service providers</StringValue>
            </Property>
            <Property Name="CA.SM::UserDirectory.Server">
                <LinkValue><XREF>Ref00690</XREF></LinkValue>
            </Property>
            <Property Name="CA.SM::UserDirectory.SearchTimeout">
                <NumberValue>0</NumberValue>
            </Property>
            <Property Name="CA.SM::UserDirectory.SearchResults">
                <NumberValue>0</NumberValue>
            </Property>
            <Property Name="CA.SM::UserDirectory.Namespace">
                <StringValue>Custom:</StringValue>
            </Property>
        </Object><!-- Xid="CA.SM::UserDirectory@0e-3b0f4ccf-71f3-4968-b095-2b5a830c3244" -->
        <Object Class="CA.SM::UserDirectory" Xid="CA.SM::UserDirectory@0e-0744f788-8d05-47fc-bd56-dc3e25f0bf40" CreatedDateTime="2017-07-08T04:18:19" ModifiedDateTime="2017-07-08T04:20:55" UpdatedBy="XPSDictionary::Import" UpdateMethod="Internal" ExportType="Replace">
            <Property Name="CA.SM::UserDirectory.PasswordAttribute">
                <StringValue>userPassword</StringValue>
            </Property>
            <Property Name="CA.SM::UserDirectory.SearchScope">
                <NumberValue>2</NumberValue>
            </Property>
            <Property Name="CA.SM::UserDirectory.EnableSecurityContext">
                <BooleanValue>false</BooleanValue>
            </Property>
            <Property Name="CA.SM::UserDirectory.SearchRoot">
                <LinkValue><XREF>Ref00312</XREF></LinkValue>
            </Property>
            <Property Name="CA.SM::UserDirectory.Name">
                <StringValue>TestUD</StringValue>
            </Property>
            <Property Name="CA.SM::UserDirectory.RequireCredentials">
                <BooleanValue>true</BooleanValue>
            </Property>
            <Property Name="CA.SM::UserDirectory.Password" Sensitive="Yes">
                <StringValue>P@ssw0rd2012</StringValue>
            </Property>
            <Property Name="CA.SM::UserDirectory.UniversalIDAttribute">
                <StringValue>uid</StringValue>
            </Property>
            <Property Name="CA.SM::UserDirectory.SecureConnection">
                <BooleanValue>true</BooleanValue>
            </Property>
            <Property Name="CA.SM::UserDirectory.UserLookupEnd">
                <StringValue>)(|(objectclass=pwcperson)(objectclass=pwcapplication)))</StringValue>
            </Property>
            <Property Name="CA.SM::UserDirectory.DisabledAttribute">
                <StringValue>smsp5userdisabled</StringValue>
            </Property>
            <Property Name="CA.SM::UserDirectory.BlobAttribute">
                <StringValue>smsp5userpassworddata</StringValue>
            </Property>
            <Property Name="CA.SM::UserDirectory.Server">
                <LinkValue><XREF>Ref00097</XREF></LinkValue>
            </Property>
            <Property Name="CA.SM::UserDirectory.UserLookupStart">
                <StringValue>(&amp;(uid=</StringValue>
            </Property>
            <Property Name="CA.SM::UserDirectory.SearchTimeout">
                <NumberValue>30</NumberValue>
            </Property>
            <Property Name="CA.SM::UserDirectory.SearchResults">
                <NumberValue>0</NumberValue>
            </Property>
            <Property Name="CA.SM::UserDirectory.Username">
                <LinkValue><XREF>Ref00469</XREF></LinkValue>
            </Property>
            <Property Name="CA.SM::UserDirectory.Namespace">
                <StringValue>LDAP:</StringValue>
            </Property>
        </Object><!-- Xid="CA.SM::UserDirectory@0e-0744f788-8d05-47fc-bd56-dc3e25f0bf40" -->
        <Object Class="CA.SM::UserDirectory" Xid="CA.SM::UserDirectory@0e-000af435-7186-1421-b091-83ef61510cb3" CreatedDateTime="2017-07-08T04:18:19" ModifiedDateTime="2017-07-08T04:20:55" UpdatedBy="XPSDictionary::Import" UpdateMethod="Internal" ExportType="Replace">
            <Property Name="CA.SM::UserDirectory.PasswordAttribute">
                <StringValue>userPassword</StringValue>
            </Property>
            <Property Name="CA.SM::UserDirectory.SearchScope">
                <NumberValue>2</NumberValue>
            </Property>
            <Property Name="CA.SM::UserDirectory.EnableSecurityContext">
                <BooleanValue>false</BooleanValue>
            </Property>
            <Property Name="CA.SM::UserDirectory.SearchRoot">
                <LinkValue><XREF>Ref00312</XREF></LinkValue>
            </Property>
            <Property Name="CA.SM::UserDirectory.Name">
                <StringValue>US DR Enterprise Directory</StringValue>
            </Property>
            <Property Name="CA.SM::UserDirectory.RequireCredentials">
                <BooleanValue>true</BooleanValue>
            </Property>
            <Property Name="CA.SM::UserDirectory.Password" Sensitive="Yes">
                <StringValue>siteminderpassword</StringValue>
            </Property>
            <Property Name="CA.SM::UserDirectory.UniversalIDAttribute">
                <StringValue>uid</StringValue>
            </Property>
            <Property Name="CA.SM::UserDirectory.SecureConnection">
                <BooleanValue>true</BooleanValue>
            </Property>
            <Property Name="CA.SM::UserDirectory.UserLookupEnd">
                <StringValue>)(objectclass=pwcperson))</StringValue>
            </Property>
            <Property Name="CA.SM::UserDirectory.DisabledAttribute">
                <StringValue>smsp5userdisabled</StringValue>
            </Property>
            <Property Name="CA.SM::UserDirectory.BlobAttribute">
                <StringValue>smsp5userpassworddata</StringValue>
            </Property>
            <Property Name="CA.SM::UserDirectory.Desc">
                <StringValue>US Enterprise Directory - DR Instance</StringValue>
            </Property>
            <Property Name="CA.SM::UserDirectory.Server">
                <LinkValue><XREF>Ref00302</XREF></LinkValue>
            </Property>
            <Property Name="CA.SM::UserDirectory.UserLookupStart">
                <StringValue>(&amp;(uid=</StringValue>
            </Property>
            <Property Name="CA.SM::UserDirectory.SearchTimeout">
                <NumberValue>10</NumberValue>
            </Property>
            <Property Name="CA.SM::UserDirectory.SearchResults">
                <NumberValue>0</NumberValue>
            </Property>
            <Property Name="CA.SM::UserDirectory.Username">
                <LinkValue><XREF>Ref00229</XREF></LinkValue>
            </Property>
            <Property Name="CA.SM::UserDirectory.Namespace">
                <StringValue>LDAP:</StringValue>
            </Property>
        </Object><!-- Xid="CA.SM::UserDirectory@0e-000af435-7186-1421-b091-83ef61510cb3" -->
        <Object Class="CA.SM::UserDirectory" Xid="CA.SM::UserDirectory@0e-20fe7d0f-d1ab-41f7-9474-6a8169e35ff7" CreatedDateTime="2017-07-08T04:18:19" ModifiedDateTime="2017-07-08T04:20:55" UpdatedBy="XPSDictionary::Import" UpdateMethod="Internal" ExportType="Replace">
            <Property Name="CA.SM::UserDirectory.UseAdvancedAuthStore">
                <BooleanValue>false</BooleanValue>
            </Property>
            <Property Name="CA.SM::UserDirectory.PasswordAttribute">
                <StringValue>userPassword</StringValue>
            </Property>
            <Property Name="CA.SM::UserDirectory.SearchScope">
                <NumberValue>2</NumberValue>
            </Property>
            <Property Name="CA.SM::UserDirectory.EnableSecurityContext">
                <BooleanValue>false</BooleanValue>
            </Property>
            <Property Name="CA.SM::UserDirectory.SearchRoot">
                <LinkValue><XREF>Ref00312</XREF></LinkValue>
            </Property>
            <Property Name="CA.SM::UserDirectory.Name">
                <StringValue>US Enterprise Directory</StringValue>
            </Property>
            <Property Name="CA.SM::UserDirectory.RequireCredentials">
                <BooleanValue>true</BooleanValue>
            </Property>
            <Property Name="CA.SM::UserDirectory.Password" Sensitive="Yes">
                <StringValue>P@ssw0rd2012</StringValue>
            </Property>
            <Property Name="CA.SM::UserDirectory.UniversalIDAttribute">
                <StringValue>uid</StringValue>
            </Property>
            <Property Name="CA.SM::UserDirectory.SecureConnection">
                <BooleanValue>true</BooleanValue>
            </Property>
            <Property Name="CA.SM::UserDirectory.UserLookupEnd">
                <StringValue>)(|(objectclass=pwcperson)(objectclass=pwcapplication)))</StringValue>
            </Property>
            <Property Name="CA.SM::UserDirectory.DisabledAttribute">
                <StringValue>smsp5userdisabled</StringValue>
            </Property>
            <Property Name="CA.SM::UserDirectory.BlobAttribute">
                <StringValue>smsp5userpassworddata</StringValue>
            </Property>
            <Property Name="CA.SM::UserDirectory.Desc">
                <StringValue>US Enterprise Directory</StringValue>
            </Property>
            <Property Name="CA.SM::UserDirectory.Server">
                <LinkValue><XREF>Ref00352</XREF></LinkValue>
            </Property>
            <Property Name="CA.SM::UserDirectory.UserLookupStart">
                <StringValue>(&amp;(uid=</StringValue>
            </Property>
            <Property Name="CA.SM::UserDirectory.SearchTimeout">
                <NumberValue>10</NumberValue>
            </Property>
            <Property Name="CA.SM::UserDirectory.SearchResults">
                <NumberValue>0</NumberValue>
            </Property>
            <Property Name="CA.SM::UserDirectory.Username">
                <LinkValue><XREF>Ref00469</XREF></LinkValue>
            </Property>
            <Property Name="CA.SM::UserDirectory.Namespace">
                <StringValue>LDAP:</StringValue>
            </Property>
        </Object><!-- Xid="CA.SM::UserDirectory@0e-20fe7d0f-d1ab-41f7-9474-6a8169e35ff7" -->
        <Object Class="CA.SM::UserDirectory" Xid="CA.SM::UserDirectory@0e-3cd2bd02-a5fd-00a9-0000-25cb000025cb" CreatedDateTime="2017-07-08T04:18:19" ModifiedDateTime="2017-07-08T04:20:29" UpdatedBy="XPSDictionary::Import" UpdateMethod="Internal" ExportType="Replace">
            <Property Name="CA.SM::UserDirectory.UseAdvancedAuthStore">
                <BooleanValue>false</BooleanValue>
            </Property>
            <Property Name="CA.SM::UserDirectory.PasswordAttribute">
                <StringValue>userPassword</StringValue>
            </Property>
            <Property Name="CA.SM::UserDirectory.SearchScope">
                <NumberValue>2</NumberValue>
            </Property>
            <Property Name="CA.SM::UserDirectory.EnableSecurityContext">
                <BooleanValue>false</BooleanValue>
            </Property>
            <Property Name="CA.SM::UserDirectory.SearchRoot">
                <LinkValue><XREF>Ref00312</XREF></LinkValue>
            </Property>
            <Property Name="CA.SM::UserDirectory.Name">
                <StringValue>US Enterprise Directory V6</StringValue>
            </Property>
            <Property Name="CA.SM::UserDirectory.RequireCredentials">
                <BooleanValue>true</BooleanValue>
            </Property>
            <Property Name="CA.SM::UserDirectory.Password" Sensitive="Yes">
                <StringValue>siteminderpassword</StringValue>
            </Property>
            <Property Name="CA.SM::UserDirectory.UniversalIDAttribute">
                <StringValue>uid</StringValue>
            </Property>
            <Property Name="CA.SM::UserDirectory.SecureConnection">
                <BooleanValue>true</BooleanValue>
            </Property>
            <Property Name="CA.SM::UserDirectory.UserLookupEnd">
                <StringValue>)(|(objectclass=pwcperson)(objectclass=pwcapplication)))</StringValue>
            </Property>
            <Property Name="CA.SM::UserDirectory.DisabledAttribute">
                <StringValue>smsp5userdisabled</StringValue>
            </Property>
            <Property Name="CA.SM::UserDirectory.BlobAttribute">
                <StringValue>smsp5userpassworddata</StringValue>
            </Property>
            <Property Name="CA.SM::UserDirectory.Desc">
                <StringValue>US Enterprise Directory - Production</StringValue>
            </Property>
            <Property Name="CA.SM::UserDirectory.Server">
                <LinkValue><XREF>Ref00352</XREF></LinkValue>
            </Property>
            <Property Name="CA.SM::UserDirectory.UserLookupStart">
                <StringValue>(&amp;(uid=</StringValue>
            </Property>
            <Property Name="CA.SM::UserDirectory.SearchTimeout">
                <NumberValue>10</NumberValue>
            </Property>
            <Property Name="CA.SM::UserDirectory.SearchResults">
                <NumberValue>0</NumberValue>
            </Property>
            <Property Name="CA.SM::UserDirectory.Username">
                <LinkValue><XREF>Ref00198</XREF></LinkValue>
            </Property>
            <Property Name="CA.SM::UserDirectory.Namespace">
                <StringValue>LDAP:</StringValue>
            </Property>
        </Object><!-- Xid="CA.SM::UserDirectory@0e-3cd2bd02-a5fd-00a9-0000-25cb000025cb" -->
        <Object Class="CA.SM::UserDirectory" Xid="CA.SM::UserDirectory@0e-e70c6c2a-81a8-102c-a55c-831699a20cb3" CreatedDateTime="2017-07-08T04:18:19" ModifiedDateTime="2017-07-08T04:20:55" UpdatedBy="XPSDictionary::Import" UpdateMethod="Internal" ExportType="Replace">
            <Property Name="CA.SM::UserDirectory.PasswordAttribute">
                <StringValue>userpassword</StringValue>
            </Property>
            <Property Name="CA.SM::UserDirectory.SearchScope">
                <NumberValue>2</NumberValue>
            </Property>
            <Property Name="CA.SM::UserDirectory.EnableSecurityContext">
                <BooleanValue>false</BooleanValue>
            </Property>
            <Property Name="CA.SM::UserDirectory.SearchRoot">
                <LinkValue><XREF>Ref00312</XREF></LinkValue>
            </Property>
            <Property Name="CA.SM::UserDirectory.Name">
                <StringValue>US NEW ED TEST</StringValue>
            </Property>
            <Property Name="CA.SM::UserDirectory.RequireCredentials">
                <BooleanValue>true</BooleanValue>
            </Property>
            <Property Name="CA.SM::UserDirectory.Password" Sensitive="Yes">
                <StringValue>siteminderpassword</StringValue>
            </Property>
            <Property Name="CA.SM::UserDirectory.UniversalIDAttribute">
                <StringValue>uid</StringValue>
            </Property>
            <Property Name="CA.SM::UserDirectory.SecureConnection">
                <BooleanValue>true</BooleanValue>
            </Property>
            <Property Name="CA.SM::UserDirectory.UserLookupEnd">
                <StringValue>)(objectclass=pwcperson))</StringValue>
            </Property>
            <Property Name="CA.SM::UserDirectory.Desc">
                <StringValue>pp12-26-05-547</StringValue>
            </Property>
            <Property Name="CA.SM::UserDirectory.Server">
                <LinkValue><XREF>Ref00412</XREF></LinkValue>
            </Property>
            <Property Name="CA.SM::UserDirectory.UserLookupStart">
                <StringValue>(&amp;(uid=</StringValue>
            </Property>
            <Property Name="CA.SM::UserDirectory.SearchTimeout">
                <NumberValue>10</NumberValue>
            </Property>
            <Property Name="CA.SM::UserDirectory.SearchResults">
                <NumberValue>0</NumberValue>
            </Property>
            <Property Name="CA.SM::UserDirectory.Username">
                <LinkValue><XREF>Ref00198</XREF></LinkValue>
            </Property>
            <Property Name="CA.SM::UserDirectory.Namespace">
                <StringValue>LDAP:</StringValue>
            </Property>
        </Object><!-- Xid="CA.SM::UserDirectory@0e-e70c6c2a-81a8-102c-a55c-831699a20cb3" -->
